uptake,r0,kappa,N_isolates,rate_required_per100k,pct_of_all_adult_males,multiples_of_densest_US,physically_possible
0.55,0.1,1.0,1000,325430.3893216954,325.4303893216954,120.7982142990703,False
0.55,0.1,1.0,10000,102910.12500918953,102.91012500918953,38.19974944661824,False
0.55,0.1,1.0,100000,32543.038932169537,32.54303893216954,12.07982142990703,True
0.55,0.1,3.0,1000,108476.79644056511,108.47679644056511,40.26607143302343,False
0.55,0.1,3.0,10000,34303.37500306318,34.30337500306318,12.733249815539413,True
0.55,0.1,3.0,100000,10847.679644056512,10.847679644056512,4.026607143302343,True
0.55,0.1,5.0,1000,65086.07786433908,65.08607786433907,24.15964285981406,True
0.55,0.1,5.0,10000,20582.02500183791,20.58202500183791,7.639949889323648,True
0.55,0.1,5.0,100000,6508.607786433908,6.508607786433908,2.415964285981406,True
