year,uptake,kappa,r0,N_isolates,best_state,f,induced_dR_pp,MDE_pp,RR_needed,detectable
2022,0.2,0.2,0.05,1000,"Washington, D.C.",0.0002524930646427637,0.0005302354357498037,2.730647496904958,2163.948515650025,False
2022,0.2,0.2,0.05,10000,"Washington, D.C.",0.0002524930646427637,0.0005302354357498037,0.8635065577257253,684.9843771134431,False
2022,0.2,0.2,0.05,100000,"Washington, D.C.",0.0002524930646427637,0.0005302354357498037,0.27306474969049577,217.2948515650025,False
2022,0.2,0.2,0.1,1000,"Washington, D.C.",0.0002524930646427637,0.0010604708714996075,3.7587209966655815,1489.6432631262785,False
2022,0.2,0.2,0.1,10000,"Washington, D.C.",0.0002524930646427637,0.0010604708714996075,1.188611943856139,471.7503334944388,False
2022,0.2,0.2,0.1,100000,"Washington, D.C.",0.0002524930646427637,0.0010604708714996075,0.37587209966655816,149.86432631262784,False
2022,0.2,0.2,0.13,1000,"Washington, D.C.",0.0002524930646427637,0.0013786121329494897,4.213569267300611,1284.6816461785015,False
2022,0.2,0.2,0.13,10000,"Washington, D.C.",0.0002524930646427637,0.0013786121329494897,1.3324475963556766,406.9357792478445,False
2022,0.2,0.2,0.13,100000,"Washington, D.C.",0.0002524930646427637,0.0013786121329494897,0.4213569267300611,129.36816461785017,False
2022,0.2,0.5,0.05,1000,"Washington, D.C.",0.0006312326616069091,0.001325588589374509,2.730647496904958,866.1794062600103,False
2022,0.2,0.5,0.05,10000,"Washington, D.C.",0.0006312326616069091,0.001325588589374509,0.8635065577257253,274.5937508453773,False
2022,0.2,0.5,0.05,100000,"Washington, D.C.",0.0006312326616069091,0.001325588589374509,0.27306474969049577,87.51794062600102,False
2022,0.2,0.5,0.1,1000,"Washington, D.C.",0.0006312326616069091,0.002651177178749018,3.7587209966655815,596.4573052505116,False
2022,0.2,0.5,0.1,10000,"Washington, D.C.",0.0006312326616069091,0.002651177178749018,1.188611943856139,189.30013339777557,False
2022,0.2,0.5,0.1,100000,"Washington, D.C.",0.0006312326616069091,0.002651177178749018,0.37587209966655816,60.545730525051155,False
2022,0.2,0.5,0.13,1000,"Washington, D.C.",0.0006312326616069091,0.003446530332373723,4.213569267300611,514.4726584714008,False
2022,0.2,0.5,0.13,10000,"Washington, D.C.",0.0006312326616069091,0.003446530332373723,1.3324475963556766,163.37431169913785,False
2022,0.2,0.5,0.13,100000,"Washington, D.C.",0.0006312326616069091,0.003446530332373723,0.4213569267300611,52.34726584714008,False
2022,0.2,1.0,0.05,1000,"Washington, D.C.",0.0012624653232138183,0.002651177178749018,2.730647496904958,433.58970313000515,False
2022,0.2,1.0,0.05,10000,"Washington, D.C.",0.0012624653232138183,0.002651177178749018,0.8635065577257253,137.79687542268866,False
2022,0.2,1.0,0.05,100000,"Washington, D.C.",0.0012624653232138183,0.002651177178749018,0.27306474969049577,44.25897031300051,False
2022,0.2,1.0,0.1,1000,"Washington, D.C.",0.0012624653232138183,0.005302354357498036,3.7587209966655815,298.7286526252558,False
2022,0.2,1.0,0.1,10000,"Washington, D.C.",0.0012624653232138183,0.005302354357498036,1.188611943856139,95.15006669888778,False
2022,0.2,1.0,0.1,100000,"Washington, D.C.",0.0012624653232138183,0.005302354357498036,0.37587209966655816,30.772865262525578,False
2022,0.2,1.0,0.13,1000,"Washington, D.C.",0.0012624653232138183,0.006893060664747446,4.213569267300611,257.7363292357004,False
2022,0.2,1.0,0.13,10000,"Washington, D.C.",0.0012624653232138183,0.006893060664747446,1.3324475963556766,82.18715584956892,False
2022,0.2,1.0,0.13,100000,"Washington, D.C.",0.0012624653232138183,0.006893060664747446,0.4213569267300611,26.67363292357004,False
2022,0.2,3.0,0.05,1000,"Washington, D.C.",0.003787395969641455,0.007953531536247055,2.730647496904958,145.1965677100017,False
2022,0.2,3.0,0.05,10000,"Washington, D.C.",0.003787395969641455,0.007953531536247055,0.8635065577257253,46.59895847422954,False
2022,0.2,3.0,0.05,100000,"Washington, D.C.",0.003787395969641455,0.007953531536247055,0.27306474969049577,15.419656771000167,False
2022,0.2,3.0,0.1,1000,"Washington, D.C.",0.003787395969641455,0.01590706307249411,3.7587209966655815,100.24288420841857,False
2022,0.2,3.0,0.1,10000,"Washington, D.C.",0.003787395969641455,0.01590706307249411,1.188611943856139,32.38335556629592,False
2022,0.2,3.0,0.1,100000,"Washington, D.C.",0.003787395969641455,0.01590706307249411,0.37587209966655816,10.924288420841856,False
2022,0.2,3.0,0.13,1000,"Washington, D.C.",0.003787395969641455,0.020679181994242343,4.213569267300611,86.57877641190011,False
2022,0.2,3.0,0.13,10000,"Washington, D.C.",0.003787395969641455,0.020679181994242343,1.3324475963556766,28.062385283189638,False
2022,0.2,3.0,0.13,100000,"Washington, D.C.",0.003787395969641455,0.020679181994242343,0.4213569267300611,9.557877641190013,False
2022,0.2,5.0,0.05,1000,"Washington, D.C.",0.006312326616069092,0.01325588589374509,2.730647496904958,87.517940626001,False
2022,0.2,5.0,0.05,10000,"Washington, D.C.",0.006312326616069092,0.01325588589374509,0.8635065577257253,28.359375084537724,False
2022,0.2,5.0,0.05,100000,"Washington, D.C.",0.006312326616069092,0.01325588589374509,0.27306474969049577,9.6517940626001,False
2022,0.2,5.0,0.1,1000,"Washington, D.C.",0.006312326616069092,0.02651177178749018,3.7587209966655815,60.54573052505114,False
2022,0.2,5.0,0.1,10000,"Washington, D.C.",0.006312326616069092,0.02651177178749018,1.188611943856139,19.83001333977755,False
2022,0.2,5.0,0.1,100000,"Washington, D.C.",0.006312326616069092,0.02651177178749018,0.37587209966655816,6.954573052505114,False
2022,0.2,5.0,0.13,1000,"Washington, D.C.",0.006312326616069092,0.034465303323737234,4.213569267300611,52.34726584714007,False
2022,0.2,5.0,0.13,10000,"Washington, D.C.",0.006312326616069092,0.034465303323737234,1.3324475963556766,17.237431169913783,False
2022,0.2,5.0,0.13,100000,"Washington, D.C.",0.006312326616069092,0.034465303323737234,0.4213569267300611,6.134726584714008,False
2022,0.35,0.2,0.05,1000,"Washington, D.C.",0.0004418628631248364,0.0009279120125621563,2.730647496904958,1236.970580371443,False
2022,0.35,0.2,0.05,10000,"Washington, D.C.",0.0004418628631248364,0.0009279120125621563,0.8635065577257253,391.84821549339614,False
2022,0.35,0.2,0.05,100000,"Washington, D.C.",0.0004418628631248364,0.0009279120125621563,0.27306474969049577,124.5970580371443,False
2022,0.35,0.2,0.1,1000,"Washington, D.C.",0.0004418628631248364,0.0018558240251243126,3.7587209966655815,851.6532932150164,False
2022,0.35,0.2,0.1,10000,"Washington, D.C.",0.0004418628631248364,0.0018558240251243126,1.188611943856139,270.0001905682508,False
2022,0.35,0.2,0.1,100000,"Washington, D.C.",0.0004418628631248364,0.0018558240251243126,0.37587209966655816,86.06532932150164,False
2022,0.35,0.2,0.13,1000,"Washington, D.C.",0.0004418628631248364,0.0024125712326616066,4.213569267300611,734.5323692448582,False
2022,0.35,0.2,0.13,10000,"Washington, D.C.",0.0004418628631248364,0.0024125712326616066,1.3324475963556766,232.96330242733976,False
2022,0.35,0.2,0.13,100000,"Washington, D.C.",0.0004418628631248364,0.0024125712326616066,0.4213569267300611,74.35323692448581,False
2022,0.35,0.5,0.05,1000,"Washington, D.C.",0.001104657157812091,0.0023197800314053913,2.730647496904958,495.3882321485772,False
2022,0.35,0.5,0.05,10000,"Washington, D.C.",0.001104657157812091,0.0023197800314053913,0.8635065577257253,157.33928619735843,False
2022,0.35,0.5,0.05,100000,"Washington, D.C.",0.001104657157812091,0.0023197800314053913,0.27306474969049577,50.43882321485771,False
2022,0.35,0.5,0.1,1000,"Washington, D.C.",0.001104657157812091,0.004639560062810783,3.7587209966655815,341.26131728600654,False
2022,0.35,0.5,0.1,10000,"Washington, D.C.",0.001104657157812091,0.004639560062810783,1.188611943856139,108.6000762273003,False
2022,0.35,0.5,0.1,100000,"Washington, D.C.",0.001104657157812091,0.004639560062810783,0.37587209966655816,35.02613172860065,False
2022,0.35,0.5,0.13,1000,"Washington, D.C.",0.001104657157812091,0.006031428081654016,4.213569267300611,294.41294769794325,False
2022,0.35,0.5,0.13,10000,"Washington, D.C.",0.001104657157812091,0.006031428081654016,1.3324475963556766,93.7853209709359,False
2022,0.35,0.5,0.13,100000,"Washington, D.C.",0.001104657157812091,0.006031428081654016,0.4213569267300611,30.34129476979433,False
2022,0.35,1.0,0.05,1000,"Washington, D.C.",0.002209314315624182,0.004639560062810783,2.730647496904958,248.1941160742886,False
2022,0.35,1.0,0.05,10000,"Washington, D.C.",0.002209314315624182,0.004639560062810783,0.8635065577257253,79.16964309867922,False
2022,0.35,1.0,0.05,100000,"Washington, D.C.",0.002209314315624182,0.004639560062810783,0.27306474969049577,25.719411607428857,False
2022,0.35,1.0,0.1,1000,"Washington, D.C.",0.002209314315624182,0.009279120125621565,3.7587209966655815,171.13065864300327,False
2022,0.35,1.0,0.1,10000,"Washington, D.C.",0.002209314315624182,0.009279120125621565,1.188611943856139,54.80003811365015,False
2022,0.35,1.0,0.1,100000,"Washington, D.C.",0.002209314315624182,0.009279120125621565,0.37587209966655816,18.013065864300327,False
2022,0.35,1.0,0.13,1000,"Washington, D.C.",0.002209314315624182,0.012062856163308032,4.213569267300611,147.70647384897163,False
2022,0.35,1.0,0.13,10000,"Washington, D.C.",0.002209314315624182,0.012062856163308032,1.3324475963556766,47.39266048546795,False
2022,0.35,1.0,0.13,100000,"Washington, D.C.",0.002209314315624182,0.012062856163308032,0.4213569267300611,15.670647384897165,False
2022,0.35,3.0,0.05,1000,"Washington, D.C.",0.006627942946872547,0.013918680188432347,2.730647496904958,83.39803869142953,False
2022,0.35,3.0,0.05,10000,"Washington, D.C.",0.006627942946872547,0.013918680188432347,0.8635065577257253,27.05654769955974,False
2022,0.35,3.0,0.05,100000,"Washington, D.C.",0.006627942946872547,0.013918680188432347,0.27306474969049577,9.239803869142953,False
2022,0.35,3.0,0.1,1000,"Washington, D.C.",0.006627942946872547,0.027837360376864694,3.7587209966655815,57.710219547667755,False
2022,0.35,3.0,0.1,10000,"Washington, D.C.",0.006627942946872547,0.027837360376864694,1.188611943856139,18.933346037883382,False
2022,0.35,3.0,0.1,100000,"Washington, D.C.",0.006627942946872547,0.027837360376864694,0.37587209966655816,6.6710219547667755,False
2022,0.35,3.0,0.13,1000,"Washington, D.C.",0.006627942946872547,0.036188568489924106,4.213569267300611,49.9021579496572,False
2022,0.35,3.0,0.13,10000,"Washington, D.C.",0.006627942946872547,0.036188568489924106,1.3324475963556766,16.46422016182265,False
2022,0.35,3.0,0.13,100000,"Washington, D.C.",0.006627942946872547,0.036188568489924106,0.4213569267300611,5.89021579496572,False
2022,0.35,5.0,0.05,1000,"Washington, D.C.",0.01104657157812091,0.02319780031405391,2.730647496904958,50.43882321485773,False
2022,0.35,5.0,0.05,10000,"Washington, D.C.",0.01104657157812091,0.02319780031405391,0.8635065577257253,16.633928619735844,False
2022,0.35,5.0,0.05,100000,"Washington, D.C.",0.01104657157812091,0.02319780031405391,0.27306474969049577,5.943882321485772,False
2022,0.35,5.0,0.1,1000,"Washington, D.C.",0.01104657157812091,0.04639560062810782,3.7587209966655815,35.02613172860065,False
2022,0.35,5.0,0.1,10000,"Washington, D.C.",0.01104657157812091,0.04639560062810782,1.188611943856139,11.760007622730031,False
2022,0.35,5.0,0.1,100000,"Washington, D.C.",0.01104657157812091,0.04639560062810782,0.37587209966655816,4.4026131728600655,False
2022,0.35,5.0,0.13,1000,"Washington, D.C.",0.01104657157812091,0.06031428081654017,4.213569267300611,30.341294769794327,False
2022,0.35,5.0,0.13,10000,"Washington, D.C.",0.01104657157812091,0.06031428081654017,1.3324475963556766,10.27853209709359,False
2022,0.35,5.0,0.13,100000,"Washington, D.C.",0.01104657157812091,0.06031428081654017,0.4213569267300611,3.934129476979433,False
2022,0.55,0.2,0.05,1000,"Washington, D.C.",0.0006943559277676003,0.0014581474483119604,2.730647496904958,787.5267329636455,False
2022,0.55,0.2,0.05,10000,"Washington, D.C.",0.0006943559277676003,0.0014581474483119604,0.8635065577257253,249.72159167761566,False
2022,0.55,0.2,0.05,100000,"Washington, D.C.",0.0006943559277676003,0.0014581474483119604,0.27306474969049577,79.65267329636454,False
2022,0.55,0.2,0.1,1000,"Washington, D.C.",0.0006943559277676003,0.0029162948966239208,3.7587209966655815,542.3248229550103,False
2022,0.55,0.2,0.1,10000,"Washington, D.C.",0.0006943559277676003,0.0029162948966239208,1.188611943856139,172.18193945252318,False
2022,0.55,0.2,0.1,100000,"Washington, D.C.",0.0006943559277676003,0.0029162948966239208,0.37587209966655816,55.13248229550103,False
2022,0.55,0.2,0.13,1000,"Washington, D.C.",0.0006943559277676003,0.003791183365611097,4.213569267300611,467.79332588309137,False
2022,0.55,0.2,0.13,10000,"Washington, D.C.",0.0006943559277676003,0.003791183365611097,1.3324475963556766,148.6130106355798,False
2022,0.55,0.2,0.13,100000,"Washington, D.C.",0.0006943559277676003,0.003791183365611097,0.4213569267300611,47.679332588309144,False
2022,0.55,0.5,0.05,1000,"Washington, D.C.",0.0017358898194190005,0.003645368620779901,2.730647496904958,315.61069318545816,False
2022,0.55,0.5,0.05,10000,"Washington, D.C.",0.0017358898194190005,0.003645368620779901,0.8635065577257253,100.48863667104627,False
2022,0.55,0.5,0.05,100000,"Washington, D.C.",0.0017358898194190005,0.003645368620779901,0.27306474969049577,32.46106931854581,False
2022,0.55,0.5,0.1,1000,"Washington, D.C.",0.0017358898194190005,0.007290737241559802,3.7587209966655815,217.5299291820041,False
2022,0.55,0.5,0.1,10000,"Washington, D.C.",0.0017358898194190005,0.007290737241559802,1.188611943856139,69.47277578100928,False
2022,0.55,0.5,0.1,100000,"Washington, D.C.",0.0017358898194190005,0.007290737241559802,0.37587209966655816,22.65299291820041,False
2022,0.55,0.5,0.13,1000,"Washington, D.C.",0.0017358898194190005,0.009477958414027743,4.213569267300611,187.71733035323658,False
2022,0.55,0.5,0.13,10000,"Washington, D.C.",0.0017358898194190005,0.009477958414027743,1.3324475963556766,60.045204254231926,False
2022,0.55,0.5,0.13,100000,"Washington, D.C.",0.0017358898194190005,0.009477958414027743,0.4213569267300611,19.67173303532366,False
2022,0.55,1.0,0.05,1000,"Washington, D.C.",0.003471779638838001,0.007290737241559802,2.730647496904958,158.30534659272908,False
2022,0.55,1.0,0.05,10000,"Washington, D.C.",0.003471779638838001,0.007290737241559802,0.8635065577257253,50.74431833552313,False
2022,0.55,1.0,0.05,100000,"Washington, D.C.",0.003471779638838001,0.007290737241559802,0.27306474969049577,16.730534659272905,False
2022,0.55,1.0,0.1,1000,"Washington, D.C.",0.003471779638838001,0.014581474483119604,3.7587209966655815,109.26496459100206,False
2022,0.55,1.0,0.1,10000,"Washington, D.C.",0.003471779638838001,0.014581474483119604,1.188611943856139,35.23638789050464,False
2022,0.55,1.0,0.1,100000,"Washington, D.C.",0.003471779638838001,0.014581474483119604,0.37587209966655816,11.826496459100206,False
2022,0.55,1.0,0.13,1000,"Washington, D.C.",0.003471779638838001,0.018955916828055485,4.213569267300611,94.35866517661829,False
2022,0.55,1.0,0.13,10000,"Washington, D.C.",0.003471779638838001,0.018955916828055485,1.3324475963556766,30.522602127115963,False
2022,0.55,1.0,0.13,100000,"Washington, D.C.",0.003471779638838001,0.018955916828055485,0.4213569267300611,10.33586651766183,False
2022,0.55,3.0,0.05,1000,"Washington, D.C.",0.010415338916514003,0.021872211724679402,2.730647496904958,53.4351155309097,False
2022,0.55,3.0,0.05,10000,"Washington, D.C.",0.010415338916514003,0.021872211724679402,0.8635065577257253,17.58143944517438,False
2022,0.55,3.0,0.05,100000,"Washington, D.C.",0.010415338916514003,0.021872211724679402,0.27306474969049577,6.243511553090969,False
2022,0.55,3.0,0.1,1000,"Washington, D.C.",0.010415338916514003,0.043744423449358805,3.7587209966655815,37.08832153033402,False
2022,0.55,3.0,0.1,10000,"Washington, D.C.",0.010415338916514003,0.043744423449358805,1.188611943856139,12.412129296834879,False
2022,0.55,3.0,0.1,100000,"Washington, D.C.",0.010415338916514003,0.043744423449358805,0.37587209966655816,4.608832153033402,False
2022,0.55,3.0,0.13,1000,"Washington, D.C.",0.010415338916514003,0.05686775048416645,4.213569267300611,32.11955505887276,False
2022,0.55,3.0,0.13,10000,"Washington, D.C.",0.010415338916514003,0.05686775048416645,1.3324475963556766,10.84086737570532,False
2022,0.55,3.0,0.13,100000,"Washington, D.C.",0.010415338916514003,0.05686775048416645,0.4213569267300611,4.111955505887277,False
2022,0.55,5.0,0.05,1000,"Washington, D.C.",0.017358898194190005,0.036453686207799006,2.730647496904958,32.461069318545825,False
2022,0.55,5.0,0.05,10000,"Washington, D.C.",0.017358898194190005,0.036453686207799006,0.8635065577257253,10.948863667104627,False
2022,0.55,5.0,0.05,100000,"Washington, D.C.",0.017358898194190005,0.036453686207799006,0.27306474969049577,4.146106931854582,False
2022,0.55,5.0,0.1,1000,"Washington, D.C.",0.017358898194190005,0.07290737241559801,3.7587209966655815,22.652992918200415,False
2022,0.55,5.0,0.1,10000,"Washington, D.C.",0.017358898194190005,0.07290737241559801,1.188611943856139,7.847277578100928,False
2022,0.55,5.0,0.1,100000,"Washington, D.C.",0.017358898194190005,0.07290737241559801,0.37587209966655816,3.1652992918200415,False
2022,0.55,5.0,0.13,1000,"Washington, D.C.",0.017358898194190005,0.09477958414027741,4.213569267300611,19.67173303532366,False
2022,0.55,5.0,0.13,10000,"Washington, D.C.",0.017358898194190005,0.09477958414027741,1.3324475963556766,6.904520425423193,False
2022,0.55,5.0,0.13,100000,"Washington, D.C.",0.017358898194190005,0.09477958414027741,0.4213569267300611,2.867173303532366,False
