PMID,Title,Authors,Citation,First Author,Journal/Book,Publication Year,Create Date,PMCID,NIHMS ID,DOI
"40036749","Potential Impact of Doxycycline Post-Exposure Prophylaxis on Tetracycline Resistance in Neisseria gonorrhoeae and Colonization With Tetracycline-Resistant Staphylococcus aureus and Group A Streptococcus","Soge OO, Thibault CS, Cannon CA, McLaughlin SE, Menza TW, Dombrowski JC, Fang FC, Golden MR.","Clin Infect Dis. 2025 Jul 18;80(6):1188-1196. doi: 10.1093/cid/ciaf089.","Soge OO","Clin Infect Dis","2025","2025/03/04","","","10.1093/cid/ciaf089"
"39718967","Staphylococcus aureus Tetracycline Resistance and Co-resistance in a Doxycycline Postexposure Prophylaxis-Eligible Population","Mittelstaedt R, Kanjilal S, Helekal D, Robbins GK, Grad YH.","J Infect Dis. 2025 Apr 15;231(4):e708-e712. doi: 10.1093/infdis/jiae634.","Mittelstaedt R","J Infect Dis","2025","2024/12/24","PMC11998573","","10.1093/infdis/jiae634"
"41410464","Tetracycline Resistance Among Neisseria gonorrhoeae Isolates-United States, 1987-2022","Wondmeneh S, Learner ER, Schmerer MW, Harvey A, Mauk K, Papp JR, Quilter LAS, St Cyr SB; Antimicrobial-Resistant Neisseria gonorrhoeae Working Group.","Sex Transm Dis. 2026 Apr 1;53(4):256-261. doi: 10.1097/OLQ.0000000000002280. Epub 2025 Dec 18.","Wondmeneh S","Sex Transm Dis","2026","2025/12/18","PMC13037608","NIHMS2155557","10.1097/OLQ.0000000000002280"
"40099718","Exceedingly high levels of tetracycline resistance in Neisseria gonorrhoeae in eight WHO Enhanced Gonococcal Antimicrobial Surveillance Programme countries in three WHO regions, 2021-2024-doxycycline post-exposure prophylaxis will unlikely impact gonorrhoea burdens","Schröder D, Cherdtrakulkiat T, Doanh LH, Golparian D, Heng LS, Hoffman I, Jacobsson S, Jamoralin MC Jr, Kakooza F, Kittiyaowamarn R, Kyambadde P, Maseko V, Matoga M, Müller E, Nguyen TTP, Ouk V, Setiawaty V, Sia SB, Sulaiman V, Virak M, Thuy Van NT, Wi T, Maatouk I, Unemo M; WHO EGASP tetracycline study group.","J Antimicrob Chemother. 2025 May 2;80(5):1291-1295. doi: 10.1093/jac/dkaf066.","Schröder D","J Antimicrob Chemother","2025","2025/03/18","","","10.1093/jac/dkaf066"
"40147465","Doxycycline to prevent bacterial sexually transmitted infections in the USA: final results from the DoxyPEP multicentre, open-label, randomised controlled trial and open-label extension","Luetkemeyer AF, Donnell D, Cohen SE, Dombrowski JC, Grabow C, Haser G, Brown C, Cannon C, Malinski C, Perkins R, Nasser M, Lopez C, Suchland RJ, Vittinghoff E, Buchbinder SP, Scott H, Charlebois ED, Havlir DV, Soge OO, Celum C.","Lancet Infect Dis. 2025 Aug;25(8):873-883. doi: 10.1016/S1473-3099(25)00085-4. Epub 2025 Mar 24.","Luetkemeyer AF","Lancet Infect Dis","2025","2025/03/27","","","10.1016/S1473-3099(25)00085-4"
"39374606","Effects of doxycycline post-exposure prophylaxis for prevention of sexually transmitted infections on gonorrhoea prevalence and antimicrobial resistance among men who have sex with men in the USA: a modelling study","Reichert E, Grad YH.","Lancet Microbe. 2024 Nov;5(11):100926. doi: 10.1016/S2666-5247(24)00168-X. Epub 2024 Oct 4.","Reichert E","Lancet Microbe","2024","2024/10/07","PMC11635662","NIHMS2034708","10.1016/S2666-5247(24)00168-X"
"41540930","High prevalence of tetracycline resistance in Neisseria gonorrhoeae across 22 European countries, 2024","Jacobsson S, Cole MJ, Jansen van Rensburg M, Schröder D, Mårdh O, Ködmön C, Unemo M; Euro-GASP tetracycline study group; Collaborators: Euro-GASP tetracycline study group.","Euro Surveill. 2026 Jan;31(2):2500965. doi: 10.2807/1560-7917.ES.2026.31.2.2500965.","Jacobsson S","Euro Surveill","2026","2026/01/16","PMC12811707","","10.2807/1560-7917.ES.2026.31.2.2500965"
"38517444","Investigating the cause of increased tetracycline-resistant Neisseria gonorrhoeae in England, 2016-20","Pitt-Kendall R, Sun S, Hughes S, Merrick R, Donaldson H, Rayment M, Ivanov Z, Day M, Bari A, Rebec M, Callan E, Mohammed H, Sinka K, Cole M, Fifer H.","J Antimicrob Chemother. 2024 May 2;79(5):1060-1068. doi: 10.1093/jac/dkae073.","Pitt-Kendall R","J Antimicrob Chemother","2024","2024/03/22","PMC11062939","","10.1093/jac/dkae073"
"37466467","Doxycycline post exposure prophylaxis could select for cross-resistance to other antimicrobials in various pathogens: An in silico analysis","Gestels Z, Manoharan-Basil SS, Kenyon C.","Int J STD AIDS. 2023 Nov;34(13):962-968. doi: 10.1177/09564624231190108. Epub 2023 Jul 19.","Gestels Z","Int J STD AIDS","2023","2023/07/19","","","10.1177/09564624231190108"
"41380916","Enhanced molecular surveillance for gonococcal resistance during doxycycline post-exposure prophylaxis implementation","Zhao Z, Xiu L, Peng J.","Int J Antimicrob Agents. 2026 Feb;67(2):107689. doi: 10.1016/j.ijantimicag.2025.107689. Epub 2025 Dec 9.","Zhao Z","Int J Antimicrob Agents","2026","2025/12/11","","","10.1016/j.ijantimicag.2025.107689"
"42191194","Incidence and risk factors of C. trachomatis, N. gonorrhoeae and syphilis among a cohort of urban Canadian gay, bisexual and other men who have sex with men, 2017-2023: informing the potential impact of doxycycline prophylaxis","Lambert G, Fourmigue A, Dvorakova M, Moodie EEM, Moore D, Lachowsky NJ, Grace D, Hart TA, Tan DHS, Jollimore J, Labbé AC, Fortin C, Maheu-Giroux M, Hull M, Grennan T, Brunelle-Newman S, Zhang T, Lal A, Gormezano A, Cox J.","BMJ Open. 2026 May 26;16(5):e111357. doi: 10.1136/bmjopen-2025-111357.","Lambert G","BMJ Open","2026","2026/05/26","PMC13218160","","10.1136/bmjopen-2025-111357"
"39718554","Doxycycline post-exposure prophylaxis for preventing bacterial sexually transmitted infections (STIs): Are clinical providers supportive?","Imerlishvili E, Lake J, Todorovic S, Gonzalez C, Boos EM, Hart-Malloy R.","Int J STD AIDS. 2025 Mar;36(4):297-303. doi: 10.1177/09564624241309433. Epub 2024 Dec 24.","Imerlishvili E","Int J STD AIDS","2025","2024/12/24","PMC11993814","","10.1177/09564624241309433"
"39363100","Impact of doxycycline post-exposure prophylaxis for sexually transmitted infections on the gut microbiome and antimicrobial resistome","Chu VT, Glascock A, Donnell D, Grabow C, Brown CE, Ward R, Love C, Kalantar KL, Cohen SE, Cannon C, Woodworth MH, Kelley CF, Celum C, Luetkemeyer AF, Langelier CR.","Nat Med. 2025 Jan;31(1):207-217. doi: 10.1038/s41591-024-03274-2. Epub 2024 Oct 3.","Chu VT","Nat Med","2025","2024/10/03","PMC11750720","","10.1038/s41591-024-03274-2"
"42342442","STI-driven antibiotic exposure may shape macrolide and tetracycline resistance in nasal Staphylococcus aureus among MSM receiving HIV pre-exposure prophylaxis","Gaspari V, Foschi C, Lazzarotto T, Djusse ME, Marangoni A, Ambretti S.","Sex Transm Infect. 2026 Jul 28:sextrans-2026-056978. doi: 10.1136/sextrans-2026-056978. Online ahead of print.","Gaspari V","Sex Transm Infect","2026","2026/06/24","","","10.1136/sextrans-2026-056978"
"39042326","Is doxycycline post-exposure prophylaxis being utilised in Germany? Insights from an online survey among German men who have sex with men","Wagner L, Boesecke C, Baumgarten A, Scholten S, Schellberg S, Hoffmann C, Audebert F, Noe S, Erber J, Lee M, Triebelhorn J, Schneider J, Spinner CD, Voit F.","Infection. 2025 Feb;53(1):61-70. doi: 10.1007/s15010-024-02321-x. Epub 2024 Jul 23.","Wagner L","Infection","2025","2024/07/23","PMC11825561","","10.1007/s15010-024-02321-x"
"40216901","Revisiting the potential impact of doxycycline post-exposure prophylaxis on the selection of doxycycline resistance in Neisseria commensals","Robinson LR, McDevitt CJ, Regan MR, Quail SL, Swartz M, Wadsworth CB.","Sci Rep. 2025 Apr 11;15(1):12400. doi: 10.1038/s41598-025-96244-8.","Robinson LR","Sci Rep","2025","2025/04/11","PMC11992145","","10.1038/s41598-025-96244-8"
"41615788","Doxycycline post-exposure prophylaxis (Doxy-PEP) in Czech clinical practice: a review of efficacy, safety, and implications for antimicrobial resistance","Broul M, Dlouhý P.","Cas Lek Cesk. 2025;164(7-8):311-315.","Broul M","Cas Lek Cesk","2025","2026/01/30","","",""
"39316078","Efficacy of Doxycycline as Preexposure and/or Postexposure Prophylaxis to Prevent Sexually Transmitted Diseases: A Systematic Review and Meta-Analysis","Boschiero MN, Sansone NMS, Matos LR, Marson FAL.","Sex Transm Dis. 2025 Feb 1;52(2):65-72. doi: 10.1097/OLQ.0000000000002082. Epub 2024 Sep 24.","Boschiero MN","Sex Transm Dis","2025","2024/09/24","","","10.1097/OLQ.0000000000002082"
"40646493","Willingness to accept Doxycycline post-exposure prophylaxis for bacterial stis prevention among men who have sex with men in Southern China: a cross-sectional analysis","Liang P, Zhao P, Huang S, Wang C.","BMC Infect Dis. 2025 Jul 11;25(1):911. doi: 10.1186/s12879-025-11290-x.","Liang P","BMC Infect Dis","2025","2025/07/11","PMC12247278","","10.1186/s12879-025-11290-x"
"40418726","Awareness and willingness toward doxycycline post-exposure prophylaxis use for bacterial sexually transmitted infections among men who have sex with men","Chen YT, Lin KY, Sun HY, Huang YS, Liu WD, Chuang YC, Kuo PH, Huang SH, Chen KH, Cheng A, Sheng WH, Hsieh SM, Pan SC, Wu UI, Huang ST, Wu TY, Liu WC, Wu PY, Luo YZ, Chang HY, Chen LY, Peng AT, Wang PY, Li GC, Hung CC.","Sex Health. 2025 May;22:SH24136. doi: 10.1071/SH24136.","Chen YT","Sex Health","2025","2025/05/26","","","10.1071/SH24136"
"41891836","Doxycycline postexposure prophylaxis: a cross-sectional survey on knowledge, attitudes and prescribing practices among Italian dermatologists of sexually transmitted infection centers","Donà MG, Zaccarelli M, Giuliani E, Colli C, Atzori L, Gaspari V, Ramoni S, Pisano L, Cariello F, Pugliese A, Ciccarese G, Balestri R, Latini A; Doxy-DERM Group.","Ital J Dermatol Venerol. 2026 Apr;161(2):120-125. doi: 10.23736/S2784-8671.25.08346-X.","Donà MG","Ital J Dermatol Venerol","2026","2026/03/27","","","10.23736/S2784-8671.25.08346-X"
"37138444","A Genomic Perspective on the Near-term Impact of Doxycycline Post-exposure Prophylaxis on Neisseria gonorrhoeae Antimicrobial Resistance","Mortimer TD, Grad YH.","Clin Infect Dis. 2023 Sep 11;77(5):788-791. doi: 10.1093/cid/ciad279.","Mortimer TD","Clin Infect Dis","2023","2023/05/04","PMC10495131","","10.1093/cid/ciad279"
"39481014","Another Tool for the Sexual Health Toolkit: US Health Care Provider Knowledge and Attitudes About Doxycycline Postexposure Prophylaxis to Prevent Bacterial Sexually Transmitted Infections Among Men Who Have Sex With Men","Perkins R, Beima-Sofie K, Christopoulos K, Cohen SE, Dright A, Dombrowski JC, Gougougui A, Kohler P, Luetkemeyer AF, Pintye J, Celum C.","Sex Transm Dis. 2025 Mar 1;52(3):129-134. doi: 10.1097/OLQ.0000000000002095. Epub 2024 Oct 31.","Perkins R","Sex Transm Dis","2025","2024/10/31","PMC12742889","NIHMS2129228","10.1097/OLQ.0000000000002095"
"41831429","Effects of doxycycline post-exposure prophylaxis on bacterial sexually transmitted infections and antiretroviral therapy adherence among adolescents and young adults living with HIV","Howze TJ, Graves SM, Carr SD, Sabbatini GM, Nason TM, Patel ND.","J Infect Public Health. 2026 May;19(5):103206. doi: 10.1016/j.jiph.2026.103206. Epub 2026 Mar 11.","Howze TJ","J Infect Public Health","2026","2026/03/14","","","10.1016/j.jiph.2026.103206"
"40814042","Doxycycline post-exposure prophylaxis in China: current utilized situation among men who have sex with men in a cross-sectional online survey from two cites","Zhang X, Du FZ, Zheng XL, Zhang RL, Wang QQ.","BMC Public Health. 2025 Aug 14;25(1):2760. doi: 10.1186/s12889-025-24067-3.","Zhang X","BMC Public Health","2025","2025/08/15","PMC12351837","","10.1186/s12889-025-24067-3"
"39476167","Doxycycline Post-Exposure Prophylaxis for Bacterial Sexually Transmitted Infections: The Current Landscape and Future Directions","Allan-Blitz LT, Mayer KH.","Curr HIV/AIDS Rep. 2024 Oct 30;22(1):1. doi: 10.1007/s11904-024-00709-w.","Allan-Blitz LT","Curr HIV/AIDS Rep","2024","2024/10/30","PMC11994091","NIHMS2069688","10.1007/s11904-024-00709-w"
"38699315","Doxycycline post-exposure prophylaxis for sexually transmitted infections impacts the gut antimicrobial resistome","Langelier C, Chu V, Glascock A, Donnell D, Grabow C, Brown C, Ward R, Love C, Kalantar K, Cohen S, Cannon C, Woodworth M, Kelley C, Celum C, Luetkemeyer A.","Res Sq [Preprint]. 2024 Apr 17:rs.3.rs-4243341. doi: 10.21203/rs.3.rs-4243341/v1.","Langelier C","Res Sq","2024","2024/05/03","PMC11065088","","10.21203/rs.3.rs-4243341/v1"
"38575877","45 years of tetracycline post exposure prophylaxis for STIs and the risk of tetracycline resistance: a systematic review and meta-analysis","Vanbaelen T, Manoharan-Basil SS, Kenyon C.","BMC Infect Dis. 2024 Apr 4;24(1):376. doi: 10.1186/s12879-024-09275-3.","Vanbaelen T","BMC Infect Dis","2024","2024/04/04","PMC10996150","","10.1186/s12879-024-09275-3"
"39452761","Antimicrobial Resistance of Neisseria gonorrhoeae Isolates among Men Who Have Sex with Men in Lower Silesia, Poland","Biała M, Mączyńska B, Starzyński K, Rurańska-Smutnicka D, Secewicz A, Szuba P, Szetela B.","Pathogens. 2024 Oct 11;13(10):890. doi: 10.3390/pathogens13100890.","Biała M","Pathogens","2024","2024/10/25","PMC11510510","","10.3390/pathogens13100890"
"40689482","Doxycycline Postexposure Prophylaxis Is Effective and Highly Acceptable in an Urban Public Sexually Transmitted Disease Clinic: Philadelphia, 2019-2023","Lewis FMT, Cope AB, Clark K, Madera R, Asbel L, Newman DR, Davis NL.","Sex Transm Dis. 2025 Dec 1;52(12):734-738. doi: 10.1097/OLQ.0000000000002224. Epub 2025 Jul 21.","Lewis FMT","Sex Transm Dis","2025","2025/07/21","PMC12313191","NIHMS2097524","10.1097/OLQ.0000000000002224"
"23460055","Neisseria gonorrhoeae antimicrobial resistance among men who have sex with men and men who have sex exclusively with women: the Gonococcal Isolate Surveillance Project, 2005-2010","Kirkcaldy RD, Zaidi A, Hook EW 3rd, Holmes KK, Soge O, del Rio C, Hall G, Papp J, Bolan G, Weinstock HS.","Ann Intern Med. 2013 Mar 5;158(5 Pt 1):321-8. doi: 10.7326/0003-4819-158-5-201303050-00004.","Kirkcaldy RD","Ann Intern Med","2013","2013/03/06","PMC6697257","NIHMS1035112","10.7326/0003-4819-158-5-201303050-00004"
"41422940","Threshold effects of doxycycline postexposure prophylaxis (PEP) on the gut resistome and microbiome: Evidence from change-point analyses","Manoharan-Basil SS, Vanbaelen T, Kenyon C.","Int J Infect Dis. 2026 Feb;163:108322. doi: 10.1016/j.ijid.2025.108322. Epub 2025 Dec 19.","Manoharan-Basil SS","Int J Infect Dis","2026","2025/12/21","","","10.1016/j.ijid.2025.108322"
"38479437","Australian consensus statement on doxycycline post-exposure prophylaxis (doxy-PEP) for the prevention of syphilis, chlamydia and gonorrhoea among gay, bisexual and other men who have sex with men","Cornelisse VJ, Riley B, Medland NA.","Med J Aust. 2024 Apr 15;220(7):381-386. doi: 10.5694/mja2.52258. Epub 2024 Mar 13.","Cornelisse VJ","Med J Aust","2024","2024/03/13","","","10.5694/mja2.52258"
"40289038","Rapid Diffusion of Awareness and Uptake of Doxy-PEP among Men who Have Sex with Men in San Francisco","Moscatelli AAM, Ramirez PL, Suprasert B, Tate M, Cohen SE, Veras MASM, Baguso G, Wilson EC, McFarland W.","AIDS Behav. 2025 Jul;29(7):2043-2053. doi: 10.1007/s10461-025-04728-5. Epub 2025 Apr 28.","Moscatelli AAM","AIDS Behav","2025","2025/04/27","","","10.1007/s10461-025-04728-5"
"41800911","Doxycycline prophylaxis is effective as pre-exposure and post-exposure regimens in the prevention of sexually transmitted infections: an updated systematic review and meta-analysis","Zhao P, Zou Q, Tucker J, Fitzpatrick T, Tang W.","Sex Health. 2026 Apr 9;23(2):SH25227. doi: 10.1071/SH25227.","Zhao P","Sex Health","2026","2026/03/09","","","10.1071/SH25227"
"41165341","High Willingness to Use and Recommend Doxycycline Postexposure Prophylaxis for Bacterial Sexually Transmitted Infection Prevention in Peru","Gallardo-Cartagena JA, German-Quiñones DLG, Rosas-Benancio FG, Tafur KT, Velásquez-Velásquez DR, Cabello R, Konda KA, Celum C, Sanchez JL.","Sex Transm Dis. 2026 Mar 1;53(3):162-170. doi: 10.1097/OLQ.0000000000002268. Epub 2025 Oct 30.","Gallardo-Cartagena JA","Sex Transm Dis","2026","2025/10/30","","","10.1097/OLQ.0000000000002268"
"38692309","Perceptions about doxycycline post-exposure prophylaxis (Doxy-PEP) as an STI-prevention strategy among gay and bisexual men (GBM) in the United States: Results from a qualitative study","Ehsan R, D'Angelo AB, Westmoreland DA, Grov C.","Prev Med. 2024 Jun;183:107977. doi: 10.1016/j.ypmed.2024.107977. Epub 2024 Apr 29.","Ehsan R","Prev Med","2024","2024/05/01","PMC11148872","NIHMS1991634","10.1016/j.ypmed.2024.107977"
"40637301","""It's Been a Very Liberating Experience"": Doxycycline Postexposure Prophylaxis for Sexually Transmitted Infection Prevention and Experiences With Sexual Pleasure by Men Who Have Sex With Men","Perkins R, Fredericksen RJ, Christopoulos KA, Beima-Sofie K, Cohen SE, Dombrowski JC, Dright A, Gardner S, Kohler P, Luetkemeyer AF, Pintye J, Celum C.","Sex Transm Dis. 2025 Dec 1;52(12):728-733. doi: 10.1097/OLQ.0000000000002220. Epub 2025 Jul 10.","Perkins R","Sex Transm Dis","2025","2025/07/10","PMC12742890","NIHMS2129226","10.1097/OLQ.0000000000002220"
"38656217","Doxycycline as Postsexual Exposure Prophylaxis: Use, Acceptability, and Associated Sexual Health Behaviors Among a Multi-Site Sample of Clinical Trial Participants","Fredericksen RJ, Perkins R, Brown CE, Cannon C, Lopez C, Cohee A, Dombrowski JC, Cohen S, Malinski C, Powell M, Luetkemeyer AF, Celum C, Christopoulos K.","AIDS Patient Care STDS. 2024 Apr;38(4):155-167. doi: 10.1089/apc.2023.0289.","Fredericksen RJ","AIDS Patient Care STDS","2024","2024/04/24","PMC11236279","","10.1089/apc.2023.0289"
"41189494","Post-exposure prophylaxis with doxycycline (DoxyPEP) to prevent STIs in a real-world setting: the PRIDOX study","Palacios R, Gómez-Ayerbe C, Martín-Cortés S, González-Jiménez A, López-Jódar M, Pérez-Hernández IA, Santos J.","J Antimicrob Chemother. 2025 Dec 2;80(12):3306-3310. doi: 10.1093/jac/dkaf366.","Palacios R","J Antimicrob Chemother","2025","2025/11/05","PMC12670152","","10.1093/jac/dkaf366"
"40803730","Pay-it-forward and social network distribution to increase doxycycline post-exposure prophylaxis uptake among men who have sex with men and transgender women in China: study protocol for a three-arm randomised controlled trial","Zhao P, Xu W, Tucker JD, Tang W, Weideman AM, Enders K, Liang P, Huang S, Fitzpatrick T, Wang C.","BMJ Open. 2025 Aug 12;15(8):e093944. doi: 10.1136/bmjopen-2024-093944.","Zhao P","BMJ Open","2025","2025/08/13","PMC12359465","","10.1136/bmjopen-2024-093944"
"39097410","Efficacy of postexposure prophylaxis with doxycycline (Doxy-PEP) in reducing sexually transmitted infections: a systematic review and meta-analysis","Sokoll PR, Migliavaca CB, Döring S, Traub U, Stark K, Sardeli AV.","Sex Transm Infect. 2025 Jan 29;101(1):59-67. doi: 10.1136/sextrans-2024-056208.","Sokoll PR","Sex Transm Infect","2025","2024/08/03","","","10.1136/sextrans-2024-056208"
"39060908","A practice already in use: a snapshot survey on the use of doxycycline as a preventive strategy (Doxy-PEP and Doxy-PrEP) in the GBMSM population in Spain","Villanueva Baselga S, Ruben M, Luis V.","Infection. 2025 Feb;53(1):437-441. doi: 10.1007/s15010-024-02320-y. Epub 2024 Jul 25.","Villanueva Baselga S","Infection","2025","2024/07/26","PMC11825527","","10.1007/s15010-024-02320-y"
"41054936","Dermatological adverse effects of doxycycline as post-exposure prophylaxis for sexually transmitted infections among men who have sex with men: real-world findings from a multicentre study","Chen LY, Lin WT, Chen YT, Kuo PH, Liu WD, Huang YS, Sun HY, Cheng A, Luo YZ, Wu PY, Chang HY, Lin KY, Hung CC.","J Antimicrob Chemother. 2025 Nov 4;80(11):3118-3122. doi: 10.1093/jac/dkaf351.","Chen LY","J Antimicrob Chemother","2025","2025/10/07","","","10.1093/jac/dkaf351"
"40323716","Factors Influencing Oral Pre-, Post-, and Doxycycline Post-Exposure Prophylaxis Uptake Among Substance-Using Men Who Have Sex with Men in the Rural Southern US","Tang V, Montemayor BN, Owens C.","AIDS Patient Care STDS. 2025 Jun;39(6):233-244. doi: 10.1089/apc.2025.0051. Epub 2025 May 5.","Tang V","AIDS Patient Care STDS","2025","2025/05/05","","","10.1089/apc.2025.0051"
"39122208","Doxycycline prophylaxis for the prevention of sexually transmitted infections: A systematic review and meta-analysis of randomized controlled trials","Szondy I, Meznerics FA, Lőrincz K, Kemény LV, Walter A, Mohammed AA, Hegyi P, Kiss N, Bánvölgyi A.","Int J Infect Dis. 2024 Oct;147:107186. doi: 10.1016/j.ijid.2024.107186. Epub 2024 Aug 8.","Szondy I","Int J Infect Dis","2024","2024/08/09","","","10.1016/j.ijid.2024.107186"
"39316034","Acceptability of Doxycycline Prophylaxis, Prior Antibiotic Use, and Knowledge of Antimicrobial Resistance Among Australian Gay and Bisexual Men and Nonbinary People","Holt M, Bavinton BR, Calabrese SK, Broady TR, Clackett S, Cornelisse VJ, Yu S, Gordon T, Heath-Paynter D, de Wit JBF, MacGibbon J.","Sex Transm Dis. 2025 Feb 1;52(2):73-80. doi: 10.1097/OLQ.0000000000002079. Epub 2024 Sep 24.","Holt M","Sex Transm Dis","2025","2024/09/24","PMC11723483","","10.1097/OLQ.0000000000002079"
"38833414","CDC Clinical Guidelines on the Use of Doxycycline Postexposure Prophylaxis for Bacterial Sexually Transmitted Infection Prevention, United States, 2024","Bachmann LH, Barbee LA, Chan P, Reno H, Workowski KA, Hoover K, Mermin J, Mena L.","MMWR Recomm Rep. 2024 Jun 6;73(2):1-8. doi: 10.15585/mmwr.rr7302a1.","Bachmann LH","MMWR Recomm Rep","2024","2024/06/04","PMC11166373","","10.15585/mmwr.rr7302a1"
"38797183","Doxycycline prophylaxis and meningococcal group B vaccine to prevent bacterial sexually transmitted infections in France (ANRS 174 DOXYVAC): a multicentre, open-label, randomised trial with a 2 × 2 factorial design","Molina JM, Bercot B, Assoumou L, Rubenstein E, Algarte-Genin M, Pialoux G, Katlama C, Surgers L, Bébéar C, Dupin N, Ouattara M, Slama L, Pavie J, Duvivier C, Loze B, Goldwirt L, Gibowski S, Ollivier M, Ghosn J, Costagliola D; ANRS 174 DOXYVAC Study Group.","Lancet Infect Dis. 2024 Oct;24(10):1093-1104. doi: 10.1016/S1473-3099(24)00236-6. Epub 2024 May 23.","Molina JM","Lancet Infect Dis","2024","2024/05/26","","","10.1016/S1473-3099(24)00236-6"
"41259880","Let's not forget about Mycoplasma genitalium","Jenks JD.","Sex Health. 2025 Dec 23;22(6):SH25174. doi: 10.1071/SH25174.","Jenks JD","Sex Health","2025","2025/11/19","","","10.1071/SH25174"
"41474281","Racial Differences in Willingness to Use Doxycycline Postexposure Prophylaxis Among Men Who Have Sex With Men in the United States","Abara WE, Learner ER, Acero C, Valentine-Graves M, Smith M Jr, Lucas I, Sanchez T.","Sex Transm Dis. 2026 May 1;53(5):328-331. doi: 10.1097/OLQ.0000000000002293. Epub 2025 Dec 31.","Abara WE","Sex Transm Dis","2026","2025/12/31","","","10.1097/OLQ.0000000000002293"
"40440462","Position statement on doxycycline post-exposure prophylaxis for the prevention of bacterial sexually transmissible infections in Aotearoa New Zealand: the New Zealand Sexual Health Society","Scott J, Giola M, Oliphant J.","Sex Health. 2025 May;22:SH25017. doi: 10.1071/SH25017.","Scott J","Sex Health","2025","2025/05/29","","","10.1071/SH25017"
"39829789","Re-visiting the potential impact of doxycycline post-exposure prophylaxis (doxy-PEP) on the selection of doxycycline resistance in Neisseria commensals","Robinson LR, McDevitt CJ, Regan MR, Quail SL, Swartz M, Wadsworth CB.","bioRxiv [Preprint]. 2025 Jan 9:2025.01.09.632169. doi: 10.1101/2025.01.09.632169.","Robinson LR","bioRxiv","2025","2025/01/20","PMC11741392","","10.1101/2025.01.09.632169"
"40953601","A cross-sectional analysis of doxyPEP use and outcomes in Michigan, United States","Arena CJ, Everson NA, Kenney RM, Brar I, Gudipati S, Yared N, Davis SL, Veve MP.","Int J STD AIDS. 2026 Feb;37(2):192-196. doi: 10.1177/09564624251379701. Epub 2025 Sep 15.","Arena CJ","Int J STD AIDS","2026","2025/09/15","","","10.1177/09564624251379701"
"41066683","Early uptake of doxycycline prophylaxis among MSM in Rome: Insights from a reference STI clinic","Donà MG, Zaccarelli M, Giuliani M, Stingone C, Gianserra L, Di Tullio F, Giuliani E, Latini A.","Int J STD AIDS. 2026 Mar;37(3):228-232. doi: 10.1177/09564624251375877. Epub 2025 Oct 9.","Donà MG","Int J STD AIDS","2026","2025/10/09","PMC12901654","","10.1177/09564624251375877"
"41942941","Appropriate use of Doxy-PEP and inappropriate antibiotic self-medication for STI management: insights from a LGBTQIA+ survey in Italy","Antonazzo IC, Losa L, Rozza D, Pennini I, Costacurta M, Ulgharaita I, Pessina R, Augello M, Mantovani LG, Ferrara P.","BMC Public Health. 2026 Apr 6;26(1):1587. doi: 10.1186/s12889-026-27274-8.","Antonazzo IC","BMC Public Health","2026","2026/04/06","PMC13192197","","10.1186/s12889-026-27274-8"
"39228717","Staphylococcus aureus Tetracycline Resistance and Co-resistance in a Doxy-PEP-Eligible Population","Mittelstaedt R, Kanjilal S, Helekal D, Robbins GK, Grad YH.","medRxiv [Preprint]. 2024 Aug 22:2024.08.22.24312434. doi: 10.1101/2024.08.22.24312434.","Mittelstaedt R","medRxiv","2024","2024/09/04","PMC11370501","","10.1101/2024.08.22.24312434"
"42107388","Durability of doxycycline effectiveness against gonorrhoea after implementation of post-exposure prophylaxis in southern California, USA: a retrospective, test-negative, observational study","Yechezkel M, Helekal D, Kapadia B, Hong V, Pomichowski ME, Reyes IAC, Davis GS, Müller NF, Grad YH, Tartof SY, Lewnard JA.","Lancet Infect Dis. 2026 Aug;26(8):819-831. doi: 10.1016/S1473-3099(26)00123-4. Epub 2026 May 7.","Yechezkel M","Lancet Infect Dis","2026","2026/05/10","","","10.1016/S1473-3099(26)00123-4"
"39969650","Promises, Pitfalls, and Progress: Doxycycline Prophylaxis for Bacterial Sexually Transmitted Infections","Kaperak CJ, Flores JM, Hazra A.","Curr HIV/AIDS Rep. 2025 Feb 19;22(1):16. doi: 10.1007/s11904-025-00726-3.","Kaperak CJ","Curr HIV/AIDS Rep","2025","2025/02/19","","","10.1007/s11904-025-00726-3"
"41494183","World Health Organization-Recommended Periodic Presumptive Treatment Versus Doxycycline Post-Exposure Prophylaxis for Sexually Transmitted Infection Control Among Men Who Have Sex With Men in Kenya: Protocol for a Randomized Controlled Trial","Graham SM, Otieno FO, Kimani J, Barrientos A, Soge OO, Sharma M, Hamilton DT, Celum C, McClelland RS, Sanders EJ.","JMIR Res Protoc. 2026 Jan 6;15:e81113. doi: 10.2196/81113.","Graham SM","JMIR Res Protoc","2026","2026/01/06","PMC12820545","","10.2196/81113"
"40965055","Assessing the Need for Creating ICD-10 Codes to Enhance Monitoring of Doxycycline Postexposure Prophylaxis Prescriptions in the United States","Tao G, He L, Patel C, Papp J, Barbee LA.","Sex Transm Dis. 2026 Feb 1;53(2):93-96. doi: 10.1097/OLQ.0000000000002245. Epub 2025 Sep 18.","Tao G","Sex Transm Dis","2026","2025/09/18","PMC13181564","NIHMS2171922","10.1097/OLQ.0000000000002245"
"41661126","Antimicrobial resistance concerns should not limit doxycycline post-exposure prophylaxis implementation for bacterial STI prevention","Mishriky F, Chan PA.","Clin Infect Dis. 2026 Feb 9:ciag075. doi: 10.1093/cid/ciag075. Online ahead of print.","Mishriky F","Clin Infect Dis","2026","2026/02/09","","","10.1093/cid/ciag075"
"39478321","Evidence-Informed Provision of Doxycycline Postexposure Prophylaxis for Prevention of Bacterial Sexually Transmitted Infections","Dombrowski JC, Donnell D, Grabow C, Cohen SE, Cannon CA, Brown CE, Buchbinder SP, Celum C, Luetkemeyer AF.","Clin Infect Dis. 2026 Feb 9;82(1):177-184. doi: 10.1093/cid/ciae527.","Dombrowski JC","Clin Infect Dis","2026","2024/10/31","PMC13370436","","10.1093/cid/ciae527"
"42379210","Community-engaged implementation strategies to increase doxycycline post-exposure prophylaxis uptake among men who have sex with men in China (DoxyForward): a three-group, open-label, randomised controlled trial","Fitzpatrick TS, Zhao P, Liang P, Liu C, Wen Z, Lin R, Zou Q, Ong JJ, Huang S, Tang W, Tucker JD, Wang C.","Lancet Infect Dis. 2026 Jun 30:S1473-3099(26)00231-8. doi: 10.1016/S1473-3099(26)00231-8. Online ahead of print.","Fitzpatrick TS","Lancet Infect Dis","2026","2026/06/30","","","10.1016/S1473-3099(26)00231-8"
"39485621","Doxycycline as Post-Exposure Prophylaxis: Awareness, Beliefs, and Interest Among Patients with and at Risk for HIV","Havens JP, Singh N, Lyden E, Bares SH.","AIDS Behav. 2025 Feb;29(2):546-555. doi: 10.1007/s10461-024-04538-1. Epub 2024 Nov 1.","Havens JP","AIDS Behav","2025","2024/11/01","PMC11813952","","10.1007/s10461-024-04538-1"
"27414503","Neisseria gonorrhoeae Antimicrobial Susceptibility Surveillance - The Gonococcal Isolate Surveillance Project, 27 Sites, United States, 2014","Kirkcaldy RD, Harvey A, Papp JR, Del Rio C, Soge OO, Holmes KK, Hook EW 3rd, Kubin G, Riedel S, Zenilman J, Pettus K, Sanders T, Sharpe S, Torrone E.","MMWR Surveill Summ. 2016 Jul 15;65(7):1-19. doi: 10.15585/mmwr.ss6507a1.","Kirkcaldy RD","MMWR Surveill Summ","2016","2016/07/15","","","10.15585/mmwr.ss6507a1"
"29229440","Post-exposure prophylaxis with doxycycline to prevent sexually transmitted infections in men who have sex with men: an open-label randomised substudy of the ANRS IPERGAY trial","Molina JM, Charreau I, Chidiac C, Pialoux G, Cua E, Delaugerre C, Capitant C, Rojas-Castro D, Fonsart J, Bercot B, Bébéar C, Cotte L, Robineau O, Raffi F, Charbonneau P, Aslan A, Chas J, Niedbalski L, Spire B, Sagaon-Teyssier L, Carette D, Mestre SL, Doré V, Meyer L; ANRS IPERGAY Study Group.","Lancet Infect Dis. 2018 Mar;18(3):308-317. doi: 10.1016/S1473-3099(17)30725-9. Epub 2017 Dec 8.","Molina JM","Lancet Infect Dis","2018","2017/12/13","","","10.1016/S1473-3099(17)30725-9"
"38123738","Position statement of the German STI Society on the prophylactic use of doxycycline to prevent STIs (Doxy-PEP, Doxy-PrEP)","Werner RN, Schmidt AJ, Potthoff A, Spornraft-Ragaller P, Brockmeyer NH; German STI Society (DSTIG).","J Dtsch Dermatol Ges. 2024 Mar;22(3):466-478. doi: 10.1111/ddg.15282. Epub 2023 Dec 20.","Werner RN","J Dtsch Dermatol Ges","2024","2023/12/20","","","10.1111/ddg.15282"
"41173019","Effect of decreasing the frequency of screening for Neisseria gonorrhoeae and Chlamydia trachomatis on the incidence of these infections and antimicrobial use among men who have sex with men using HIV PrEP in Belgium: a retrospective cohort study","Vanbaelen T, De Baetselier I, Tsoumanis A, Hensen B, Kenyon C.","Lancet Microbe. 2025 Dec;6(12):101214. doi: 10.1016/j.lanmic.2025.101214. Epub 2025 Oct 28.","Vanbaelen T","Lancet Microbe","2025","2025/10/31","","","10.1016/j.lanmic.2025.101214"
"27460426","Lack of doxycycline antimalarial prophylaxis impact on Staphylococcus aureus tetracycline resistance","Mende K, Beckius ML, Zera WC, Yu X, Li P, Tribble DR, Murray CK; Infectious Disease Clinical Research Program Trauma Infectious Disease Outcomes Study Investigative Team.","Diagn Microbiol Infect Dis. 2016 Oct;86(2):211-20. doi: 10.1016/j.diagmicrobio.2016.07.014. Epub 2016 Jul 15.","Mende K","Diagn Microbiol Infect Dis","2016","2016/07/28","PMC5028282","NIHMS805541","10.1016/j.diagmicrobio.2016.07.014"
"37795430","Doxycycline post-exposure prophylaxis for sexually transmitted infections in South Africa","Peters RPH, McIntyre JA, Garrett N, Brink AJ, Celum CL, Bekker LG.","South Afr J HIV Med. 2023 Sep 28;24(1):1510. doi: 10.4102/sajhivmed.v24i1.1510. eCollection 2023.","Peters RPH","South Afr J HIV Med","2023","2023/10/05","PMC10546896","","10.4102/sajhivmed.v24i1.1510"
"41248466","Australian Gonococcal Surveillance Programme Annual Report, 2024","Lahra M, Hurley S, Van Hal S, Hogan T.","Commun Dis Intell (2018). 2025 Nov 18;49. doi: 10.33321/cdi.2025.49.056.","Lahra M","Commun Dis Intell (2018)","2025","2025/11/17","","","10.33321/cdi.2025.49.056"
"41565689","Impact and cost-effectiveness of doxycycline post-exposure prophylaxis in Australian men who have sex with men","Lai H, Ong JJ, Traeger MW, Fairley CK, Howden BP, Stoové MA, Shen M, Zhang L.","Nat Commun. 2026 Jan 21;17(1):1846. doi: 10.1038/s41467-026-68561-7.","Lai H","Nat Commun","2026","2026/01/21","PMC12921014","","10.1038/s41467-026-68561-7"
"40518259","Screening for gonorrhoea and chlamydia: identifying key target populations and intensity-a modelling study of MSM in Belgium","Tsoumanis A, Vanbaelen T, Van Dijck C, Kenyon C, Hens N.","Sex Transm Infect. 2026 Feb 17;102(2):66-73. doi: 10.1136/sextrans-2025-056540.","Tsoumanis A","Sex Transm Infect","2026","2025/06/15","","","10.1136/sextrans-2025-056540"
"36927481","Interim position statement on doxycycline post-exposure prophylaxis (Doxy-PEP) for the prevention of bacterial sexually transmissible infections in Australia and Aotearoa New Zealand - the Australasian Society for HIV, Viral Hepatitis and Sexual Health Medicine (ASHM)","Cornelisse VJ, Ong JJ, Ryder N, Ooi C, Wong A, Kenchington P, Giola M, Donovan B, Dean JA, Molina JM, Medland NA.","Sex Health. 2023 Apr;20(2):99-104. doi: 10.1071/SH23011.","Cornelisse VJ","Sex Health","2023","2023/03/17","","","10.1071/SH23011"
"36728331","Predominance of High-Level Tetracycline-Resistant Neisseria gonorrhoeae in Kenya: Implications for Global Implementation of Doxycycline Postexposure Prophylaxis for Prevention of Sexually Transmitted Infections","Soge OO, Issema R, Bukusi E, Baeten JM, Mujugira A, Celum C, McClelland RS, Stewart J; Partners PrEP Study Team.","Sex Transm Dis. 2023 May 1;50(5):317-319. doi: 10.1097/OLQ.0000000000001769. Epub 2023 Jan 13.","Soge OO","Sex Transm Dis","2023","2023/02/02","PMC10101884","NIHMS1877381","10.1097/OLQ.0000000000001769"
"19761737","Multidrug-resistant Neisseria gonorrhoeae with reduced cefotaxime susceptibility is increasingly common in men who have sex with men, Amsterdam, the Netherlands","de Vries HJ, van der Helm JJ, Schim van der Loeff MF, van Dam AP.","Euro Surveill. 2009 Sep 17;14(37):19330. doi: 10.2807/ese.14.37.19330-en.","de Vries HJ","Euro Surveill","2009","2009/09/19","","","10.2807/ese.14.37.19330-en"
"40053326","A Qualitative Study of Doxycycline Postexposure Prophylaxis Knowledge, Attitudes, and Practices Among Health Care Providers in New York City","D'Avanzo PA, Bosco J, Carnevale C, Zucker J.","Sex Transm Dis. 2025 Apr 1;52(4):233-241. doi: 10.1097/OLQ.0000000000002103. Epub 2024 Nov 13.","D'Avanzo PA","Sex Transm Dis","2025","2025/03/07","","","10.1097/OLQ.0000000000002103"
"39936749","[""How to get your Doxy-PEP?"": vulnerabilities and critical routes encountered by men in the therapeutic itinerary in Brazil]","Sousa ÁFL, Sousa AR.","Cad Saude Publica. 2025 Feb 7;40(12):e00058524. doi: 10.1590/0102-311XPT058524. eCollection 2025.","Sousa ÁFL","Cad Saude Publica","2025","2025/02/12","PMC11805510","","10.1590/0102-311XPT058524"
"41874001","Doxycycline Postexposure Prophylaxis in the Dominican Republic: Investigating Healthcare Provider Knowledge, Attitudes, and Practices in a Caribbean Clinical Setting","Longhi D, Myrus E, Baez Caraballo P, Reyes F, D'Avanzo PA, Yin MT, Zucker J.","Sex Transm Dis. 2026 Jul 1;53(7):411-418. doi: 10.1097/OLQ.0000000000002322. Epub 2026 Mar 24.","Longhi D","Sex Transm Dis","2026","2026/03/24","PMC13063178","NIHMS2155725","10.1097/OLQ.0000000000002322"
"29045604","Increases in Neisseria gonorrhoeae With Reduced Susceptibility to Azithromycin Among Men Who Have Sex With Men in Seattle, King County, Washington, 2012-2016","Barbee LA, Soge OO, Katz DA, Dombrowski JC, Holmes KK, Golden MR.","Clin Infect Dis. 2018 Feb 10;66(5):712-718. doi: 10.1093/cid/cix898.","Barbee LA","Clin Infect Dis","2018","2017/10/19","PMC5848236","","10.1093/cid/cix898"
"38765970","Molecular surveillance to monitor the prevalence of tetracycline resistance in Neisseria gonorrhoeae","Roster KIO, Mittelstaedt R, Reyes J, Aatresh AV, Grad YH.","medRxiv [Preprint]. 2024 May 7:2024.05.07.24306823. doi: 10.1101/2024.05.07.24306823.","Roster KIO","medRxiv","2024","2024/05/20","PMC11100842","","10.1101/2024.05.07.24306823"
"40140758","Usage of post-exposure prophylaxis and its impact on risk behaviors among men who have sex with men in Qingdao, China","Su R, Liu Y, Li P, Ge L, Liao M, Fu Y, Song X, Tang H, Li D.","BMC Infect Dis. 2025 Mar 27;25(1):421. doi: 10.1186/s12879-025-10795-9.","Su R","BMC Infect Dis","2025","2025/03/27","PMC11948818","","10.1186/s12879-025-10795-9"
"28282644","Antimicrobial Susceptibility Evaluation and Multiple-Locus Variable Number Tandem Repeat Analysis of Neisseria gonorrhoeae Isolates in China in 2012","Yu RX, Yin Y, Dai XQ, Chen SC, Han Y, Zheng BJ, Zhang GY, Chen XS.","Sex Transm Dis. 2017 Apr;44(4):197-201. doi: 10.1097/OLQ.0000000000000580.","Yu RX","Sex Transm Dis","2017","2017/03/11","","","10.1097/OLQ.0000000000000580"
"39252917","An updated molecular diagnostic for surveillance of tetM in Neisseria gonorrhoeae","Palace SG, Reyes JA, Vickers EN, Aatresh AV, Shen W, Iqbal Z, Grad YH.","medRxiv [Preprint]. 2024 Aug 28:2024.08.26.24312240. doi: 10.1101/2024.08.26.24312240.","Palace SG","medRxiv","2024","2024/09/10","PMC11383510","","10.1101/2024.08.26.24312240"
"38874923","Antimicrobial Resistance Patterns of Outpatient Staphylococcus aureus Isolates","Carrel M, Smith M, Shi Q, Hasegawa S, Clore GS, Perencevich EN, Goto M.","JAMA Netw Open. 2024 Jun 3;7(6):e2417199. doi: 10.1001/jamanetworkopen.2024.17199.","Carrel M","JAMA Netw Open","2024","2024/06/14","PMC11179135","","10.1001/jamanetworkopen.2024.17199"
"18977704","[Ciprofloxacin resistance of Neisseria gonorrhoeae according to sexual habits]","García S, Casco R, Perazzi B, De Mier C, Vay C, Famiglietti A.","Medicina (B Aires). 2008;68(5):358-62.","García S","Medicina (B Aires)","2008","2008/11/04","","",""
"41220254","Optimizing Sexually Transmitted Infection Screening Packages in the Context of Doxycycline Post-Exposure Prophylaxis Use Among Cisgender Gay, Bisexual, and Other Men Who Have Sex with Men in Taiwan: A Discrete Choice Experiment","Chen TW, Miwa T, Wu DB, Chu IY, Joson PA, Ku SW, Wu HJ, Li CW, Huang P, Strong C.","AIDS Patient Care STDS. 2026 Jan;40(1):5-13. doi: 10.1177/10872914251394651. Epub 2025 Dec 31.","Chen TW","AIDS Patient Care STDS","2026","2025/11/12","","","10.1177/10872914251394651"
"27631366","Anti-retroviral Therapy Based HIV Prevention Among a Sample of Men Who Have Sex with Men in Cape Town, South Africa: Use of Post-exposure Prophylaxis and Knowledge on Pre-exposure Prophylaxis","Hugo JM, Stall RD, Rebe K, Egan JE, De Swardt G, Struthers H, McIntyre JA.","AIDS Behav. 2016 Dec;20(Suppl 3):357-364. doi: 10.1007/s10461-016-1536-1.","Hugo JM","AIDS Behav","2016","2016/09/16","","","10.1007/s10461-016-1536-1"
"12916137","High percentages of resistance to tetracycline and penicillin and reduced susceptibility to azithromycin characterize the majority of strain types of Neisseria gonorrhoeae isolates in Cuba, 1995-1998","Sosa J, Ramirez-Arcos S, Ruben M, Li H, Llanes R, Llop A, Dillon JA.","Sex Transm Dis. 2003 May;30(5):443-8. doi: 10.1097/00007435-200305000-00012.","Sosa J","Sex Transm Dis","2003","2003/08/15","","","10.1097/00007435-200305000-00012"
"40066683","Development and Evaluation of a Novel Algorithm to Identify Doxycycline Postexposure Prophylaxis Users at a Large Healthcare System in the Bronx, New York","Mullis CE, Bishop D, Fazzari M, Tappen N, Felsen U, Meyerowitz EA.","Clin Infect Dis. 2026 Feb 9;82(1):173-176. doi: 10.1093/cid/ciaf109.","Mullis CE","Clin Infect Dis","2026","2025/03/11","PMC13375568","","10.1093/cid/ciaf109"
"25910578","A doxycycline-loaded polymer-lipid encapsulation matrix coating for the prevention of implant-related osteomyelitis due to doxycycline-resistant methicillin-resistant Staphylococcus aureus","Metsemakers WJ, Emanuel N, Cohen O, Reichart M, Potapova I, Schmid T, Segal D, Riool M, Kwakman PH, de Boer L, de Breij A, Nibbering PH, Richards RG, Zaat SA, Moriarty TF.","J Control Release. 2015 Jul 10;209:47-56. doi: 10.1016/j.jconrel.2015.04.022. Epub 2015 Apr 21.","Metsemakers WJ","J Control Release","2015","2015/04/26","","","10.1016/j.jconrel.2015.04.022"
"38118022","Doxycycline Prophylaxis to Prevent Sexually Transmitted Infections in Women","Stewart J, Oware K, Donnell D, Violette LR, Odoyo J, Soge OO, Scoville CW, Omollo V, Mogaka FO, Sesay FA, McClelland RS, Spinelli M, Gandhi M, Bukusi EA, Baeten JM; dPEP Kenya Study Team.","N Engl J Med. 2023 Dec 21;389(25):2331-2340. doi: 10.1056/NEJMoa2304007.","Stewart J","N Engl J Med","2023","2023/12/20","PMC10805625","NIHMS1955862","10.1056/NEJMoa2304007"
"39612986","Antimicrobial susceptibilities of oral Neisseria from men on HIV pre-exposure prophylaxis in Hanoi, Vietnam","Dong HV, Adamson P, Pham DH, Pham QH, Le HHL, Pham LQ, Bui HTM, Le GM, Klausner JD.","J Glob Antimicrob Resist. 2025 Jan;40:11-14. doi: 10.1016/j.jgar.2024.11.008. Epub 2024 Nov 28.","Dong HV","J Glob Antimicrob Resist","2025","2024/11/29","PMC11839151","NIHMS2048362","10.1016/j.jgar.2024.11.008"
"7652657","Plasmid-mediated antimicrobial resistance in Neisseria gonorrhoeae in Kingston, Jamaica: 1990-1991","Knapp JS, Brathwaite AR, Hinds A, Duncan W, Rice RJ.","Sex Transm Dis. 1995 May-Jun;22(3):155-9. doi: 10.1097/00007435-199505000-00004.","Knapp JS","Sex Transm Dis","1995","1995/05/01","","","10.1097/00007435-199505000-00004"
"40819902","Chlamydia trachomatis and Neisseria gonorrhoeae bacterial loads in men who have sex with men on pre-exposure prophylaxis: a cross-sectional study","Rayo E, Malingamba G, Marti H, Onorini D, Leonard CA, Low N, Hampel B, Borel N.","Sex Transm Infect. 2026 Jan 16;102(1):47-50. doi: 10.1136/sextrans-2025-056579.","Rayo E","Sex Transm Infect","2026","2025/08/17","PMC12911633","","10.1136/sextrans-2025-056579"
"31341071","Genotypic and Phenotypic Characterization of Antimicrobial Resistance in Neisseria gonorrhoeae: a Cross-Sectional Study of Isolates Recovered from Routine Urine Cultures in a High-Incidence Setting","Bailey AL, Potter RF, Wallace MA, Johnson C, Dantas G, Burnham CA.","mSphere. 2019 Jul 24;4(4):e00373-19. doi: 10.1128/mSphere.00373-19.","Bailey AL","mSphere","2019","2019/07/26","PMC6656870","","10.1128/mSphere.00373-19"
"36952471","Doxycycline Postexposure Prophylaxis Could Induce Cross-Resistance to Other Classes of Antimicrobials in Neisseria gonorrhoeae : An In Silico Analysis","Vanbaelen T, Manoharan-Basil SS, Kenyon C.","Sex Transm Dis. 2023 Aug 1;50(8):490-493. doi: 10.1097/OLQ.0000000000001810. Epub 2023 Mar 23.","Vanbaelen T","Sex Transm Dis","2023","2023/03/23","","","10.1097/OLQ.0000000000001810"
"37018493","Postexposure Doxycycline to Prevent Bacterial Sexually Transmitted Infections","Luetkemeyer AF, Donnell D, Dombrowski JC, Cohen S, Grabow C, Brown CE, Malinski C, Perkins R, Nasser M, Lopez C, Vittinghoff E, Buchbinder SP, Scott H, Charlebois ED, Havlir DV, Soge OO, Celum C; DoxyPEP Study Team.","N Engl J Med. 2023 Apr 6;388(14):1296-1306. doi: 10.1056/NEJMoa2211934.","Luetkemeyer AF","N Engl J Med","2023","2023/04/05","PMC10140182","NIHMS1889907","10.1056/NEJMoa2211934"
"29511067","Is previous azithromycin treatment associated with azithromycin resistance in Neisseria gonorrhoeae? A cross-sectional study using national surveillance data in England","Clifton S, Town K, Furegato M, Cole M, Mohammed H, Woodhall SC, Kevin Dunbar J, Fifer H, Hughes G.","Sex Transm Infect. 2018 Sep;94(6):421-426. doi: 10.1136/sextrans-2017-053461. Epub 2018 Mar 6.","Clifton S","Sex Transm Infect","2018","2018/03/08","","","10.1136/sextrans-2017-053461"
"37790567","Estimating changes in antibiotic consumption with the introduction of doxycycline post-exposure prophylaxis in the United States","Roster KIO, Grad YH.","medRxiv [Preprint]. 2023 Sep 23:2023.09.20.23295787. doi: 10.1101/2023.09.20.23295787.","Roster KIO","medRxiv","2023","2023/10/04","PMC10543056","","10.1101/2023.09.20.23295787"
